{"cameraMode":{"drawMode":0,"name":"Shaded","section":"Shading Mode"},"sceneLighting":false,"audioPlay":false,"sceneViewState":{"showFog":true,"showMaterialUpdate":true,"showSkybox":false,"showFlares":true,"showImageEffects":true,"showParticleSystems":true},"in2DMode":false,"pivot":{"x":0.07487988471984863,"y":0.5816953182220459,"z":-4.410905838012695},"rotation":{"x":0.2765742540359497,"y":-0.041786711663007739,"z":0.012038576416671276,"w":0.9600082039833069},"size":3.2046613693237306,"orthographic":false}