{"cameraMode":{"drawMode":0,"name":"Shaded","section":"Shading Mode"},"sceneLighting":false,"audioPlay":false,"sceneViewState":{"showFog":true,"showMaterialUpdate":true,"showSkybox":false,"showFlares":true,"showImageEffects":true,"showParticleSystems":true},"in2DMode":false,"pivot":{"x":-0.07967418432235718,"y":0.12542438507080079,"z":0.19592557847499848},"rotation":{"x":-0.07273413985967636,"y":0.468413770198822,"z":-0.03873627260327339,"w":-0.8796581029891968},"size":0.9866027235984802,"orthographic":false}